[  
  {
    "g_business_name": "Eagle Peak Mountain House",
    "g_categories": "Guest house",
    "g_phone": "",
    "g_full_address": "30835 Sagwon Ave, Eagle River, AK 99577",
    "g_street_address": "30835 Sagwon Ave",
    "g_city": "Eagle River",
    "g_state": "AK",
    "g_zipcode": "99577",
    "g_country": "US",
    "g_latitude": "61.257907",
    "g_longitude": "-149.30578699999998",
    "g_star_rating": "",
    "g_review_count": "",
    "g_hours_of_operation": "",
    "g_website": "http://anchoragecabin.com/",
    "g_closed_status": "",
    "google_maps_url": "https://www.google.com/maps/place/?q=place_id:ChIJ6zSUkUXzyFYRaA36oYo6Wyc&source=mc"
  },
  {
    "g_business_name": "Wagner State Roofing",
    "g_categories": "Roofing contractor, Gutter cleaning service",
    "g_phone": "+1 907-488-9003",
    "g_full_address": "425 Steamboat Landing Rd, North Pole, AK 99705",
    "g_street_address": "425 Steamboat Landing Rd",
    "g_city": "North Pole",
    "g_state": "AK",
    "g_zipcode": "99705.0",
    "g_country": "US",
    "g_latitude": "64.847842",
    "g_longitude": "-147.335767",
    "g_star_rating": "5.0",
    "g_review_count": "2.0",
    "g_hours_of_operation": "Monday: 6 AM-10 PM, Tuesday: 6 AM-10 PM, Wednesday: 6 AM-10 PM, Thursday: 6 AM-10 PM, Friday: 6 AM-10 PM, Saturday: 6 AM-10 PM, Sunday: 6 AM-10 PM",
    "g_website": "",
    "g_closed_status": "",
    "google_maps_url": "https://www.google.com/maps/place/?q=place_id:ChIJd0CfSYpLMlERrCUCP2FZduw&source=mc"
  },
  {
    "g_business_name": "Thai Village Restaurant",
    "g_categories": "Thai restaurant",
    "g_phone": "+1 907-337-9559",
    "g_full_address": "954 Muldoon Rd, Anchorage, AK 99504",
    "g_street_address": "954 Muldoon Rd",
    "g_city": "Anchorage",
    "g_state": "AK",
    "g_zipcode": "99504",
    "g_country": "US",
    "g_latitude": "61.2135239",
    "g_longitude": "-149.7341339",
    "g_star_rating": "4.3",
    "g_review_count": "242.0",
    "g_hours_of_operation": "Monday: Closed, Tuesday: 11 AM-9 PM, Wednesday: 11 AM-9 PM, Thursday: 11 AM-9 PM, Friday: 11 AM-9 PM, Saturday: 12-9 PM, Sunday: 12-9 PM",
    "g_website": "https://m.facebook.com/Thai-Village-Restaurant-246260942077046/",
    "g_closed_status": "",
    "google_maps_url": "https://www.google.com/maps/place/?q=place_id:ChIJeYYEW6KWyFYREt2lUJEv92I&source=mc"
  },
  {
    "g_business_name": "Waffles and Whatnot",
    "g_categories": "Restaurant",
    "g_phone": "+1 907-406-4503",
    "g_full_address": "500 Muldoon Rd #5, Anchorage, AK 99504",
    "g_street_address": "500 Muldoon Rd #5",
    "g_city": "Anchorage",
    "g_state": "AK",
    "g_zipcode": "99504",
    "g_country": "US",
    "g_latitude": "61.218058",
    "g_longitude": "-149.73419339999998",
    "g_star_rating": "4.6",
    "g_review_count": "326.0",
    "g_hours_of_operation": "Monday: Closed, Tuesday: Closed, Wednesday: 8 AM-3 PM, Thursday: 8 AM-3 PM, Friday: 8 AM-3 PM, Saturday: 8 AM-3 PM, Sunday: 8 AM-3 PM",
    "g_website": "http://www.wafflesandwhatnot.com/",
    "g_closed_status": "",
    "google_maps_url": "https://www.google.com/maps/place/?q=place_id:ChIJawFM3gSXyFYR9yyQGlitmxQ&source=mc"
  },
  {
    "g_business_name": "Ryuu Bowl",
    "g_categories": "Japanese restaurant",
    "g_phone": "+1 907-771-7988",
    "g_full_address": "1142 N Muldoon Rd #120, Anchorage, AK 99504",
    "g_street_address": "1142 N Muldoon Rd #120",
    "g_city": "Anchorage",
    "g_state": "AK",
    "g_zipcode": "99504",
    "g_country": "US",
    "g_latitude": "61.2286525",
    "g_longitude": "-149.7423992",
    "g_star_rating": "4.5",
    "g_review_count": "78.0",
    "g_hours_of_operation": "Monday: 11 AM-9 PM, Tuesday: 11 AM-9 PM, Wednesday: Closed, Thursday: 11 AM-9 PM, Friday: 11 AM-9 PM, Saturday: 11 AM-9 PM, Sunday: 11 AM-9 PM",
    "g_website": "http://ryuubowl.com/",
    "g_closed_status": "",
    "google_maps_url": "https://www.google.com/maps/place/?q=place_id:ChIJgYuJVNCVyFYRKHxYnVYZ5fk&source=mc"
  },
  {
    "g_business_name": "Olive Garden Italian Restaurant",
    "g_categories": "Italian restaurant, Caterer, Family restaurant, Gluten-free restaurant, Takeout Restaurant, Mediterranean restaurant, Seafood restaurant, Soup restaurant, Wine bar",
    "g_phone": "+1 907-333-1300",
    "g_full_address": "1186 N Muldoon Rd, Anchorage, AK 99504",
    "g_street_address": "1186 N Muldoon Rd",
    "g_city": "Anchorage",
    "g_state": "AK",
    "g_zipcode": "99504",
    "g_country": "US",
    "g_latitude": "61.2303679",
    "g_longitude": "-149.7409226",
    "g_star_rating": "4.2",
    "g_review_count": "1631.0",
    "g_hours_of_operation": "Monday: 11 AM-10 PM, Tuesday: 11 AM-10 PM, Wednesday: 11 AM-10 PM, Thursday: 11 AM-10 PM, Friday: 11 AM-11 PM, Saturday: 11 AM-11 PM, Sunday: 11 AM-10 PM",
    "g_website": "https://www.olivegarden.com/locations/ak/anchorage/tikatnu-commons/4412",
    "g_closed_status": "",
    "google_maps_url": "https://www.google.com/maps/place/?q=place_id:ChIJ0e9m4CiUyFYR1M0grYL3xdI&source=mc"
  },
  {
    "g_business_name": "Everts Air Fuel Office",
    "g_categories": "Firewood supplier",
    "g_phone": "+1 907-283-4502",
    "g_full_address": "403 N Willow St STE 5, Kenai, AK 99611",
    "g_street_address": "403 N Willow St STE 5",
    "g_city": "Kenai",
    "g_state": "AK",
    "g_zipcode": "99611",
    "g_country": "US",
    "g_latitude": "60.5667964",
    "g_longitude": "-151.2414452",
    "g_star_rating": "5.0",
    "g_review_count": "1.0",
    "g_hours_of_operation": "",
    "g_website": "",
    "g_closed_status": "",
    "google_maps_url": "https://www.google.com/maps/place/?q=place_id:ChIJj1AweWR7xlYRFW6Fs6BUPrc&source=mc"
  },
  {
    "g_business_name": "Texas Roadhouse",
    "g_categories": "Steak house, American restaurant, Family restaurant, Restaurant",
    "g_phone": "+1 907-333-8930",
    "g_full_address": "1154 N Muldoon Rd, Anchorage, AK 99504",
    "g_street_address": "1154 N Muldoon Rd",
    "g_city": "Anchorage",
    "g_state": "AK",
    "g_zipcode": "99504",
    "g_country": "US",
    "g_latitude": "61.22955",
    "g_longitude": "-149.7409001",
    "g_star_rating": "4.3",
    "g_review_count": "2378.0",
    "g_hours_of_operation": "Monday: 4-10 PM, Tuesday: 4-10 PM, Wednesday: 4-10 PM, Thursday: 4-10 PM, Friday: 12-11 PM, Saturday: 12-11 PM, Sunday: 12-10 PM",
    "g_website": "https://www.texasroadhouse.com/locations/472-anchorage-nak",
    "g_closed_status": "",
    "google_maps_url": "https://www.google.com/maps/place/?q=place_id:ChIJY95WvSeUyFYR9-HamI4_-UQ&source=mc"
  }
]